Date,7203,6758,9984,9432,9983,9433,4063,8035,4519,6367,7267,6501,4502,6902,6954,8316,8001,8058,3382,2914,4568,8031,6702,4901,4503,5108,4452,4543,6503,4911,9020,6326,4523,6301,8801,2502,8267,8802,9613,7201
2019-01-06,7.4850299401197695,2.663064453878805,8.514237383704536,1.1694616063548047,3.7148217636022496,0.47125353440151674,3.86007237635706,13.798906184265892,2.2151820618764306,8.048021342819034,9.973980919340853,17.03392794683456,18.815612382234193,5.658414811732881,7.844367743959846,4.259967231021289,3.3898305084745672,2.0132013201320076,-2.205138579809829,2.9377657518361078,3.3579895207816346,3.5448316949657332,5.958033389493034,4.991758888627262,9.66810966810967,2.3546371936568944,-5.535195248325541,0.9205020920502127,6.292517006802711,-6.844689993861264,2.1991573322371893,6.143790849673203,-0.420904945633116,13.417832167832167,7.741251325556742,2.420112781954886,-3.713041485216595,7.008244994110724,3.4024896265560267,4.104393275242102
2019-01-13,-0.33719395982994005,2.0488721804511334,1.7666926474408928,-1.7448200654307522,-6.964544138929085,1.275797373358345,-0.6968641114982632,4.658040665434382,3.4055804426571967,0.288065843621399,1.4195583596214423,3.855349671249253,-2.6733121884911615,0.5709785390825006,7.3610707011928955,2.3834468308014722,1.795472287275568,0.3882238757683565,-2.6065370293752554,3.079233946676685,4.653087217796004,1.9562715765247374,0.8094825093957869,3.767660910518056,2.763157894736845,0.11737089201877549,3.264214046822733,3.4162520729684953,6.919999999999993,2.751235584843492,1.4580191050779234,4.618226600985231,3.252318891628514,5.452793834296732,4.862204724409458,1.0552879100711232,4.094263270649856,5.5586130985140425,4.093097913322641,0.8834897846493606
2019-01-20,-0.5001471020888548,-1.9340578375391382,4.314526423283116,4.461709211986675,-3.0721368850865294,0.14820303816227565,5.964912280701751,8.936771458848458,-5.239524421389485,-1.7234304472712347,2.115085536547423,-2.7050359712230243,4.748603351955305,0.11746280344557825,1.0569105691056846,2.660526988999745,1.584867075664631,0.6767644215275537,0.7646559048428259,0.1457194899817882,-0.44724751196231205,0.959367945823919,6.43819902494982,0.06483682731792673,-1.8565941101152394,-0.7033997655334079,-1.3861899209742234,-0.08017960230917165,2.731013842124952,1.1704345037678365,-0.9018830525272525,0.35314891112419033,-2.1833068000909672,3.891832632925274,-2.4779425567861835,-1.3166855845629932,-0.7546306883146614,-1.7987486965589161,-0.23130300693908756,1.5544622010981168
2019-01-27,-1.611472501478417,3.2870022539444044,3.4018600097895257,-0.3187420314492151,1.9257773319959925,-0.11098779134295356,0.6181015452538574,-0.09727626459143934,5.8451778176836555,-3.0062630480166996,-1.1574779165397509,0.14788524105293632,-2.2222222222222254,-3.597966366836136,0.42906945561813625,-1.7443309244953853,-1.0568696527428312,-0.41613316261203126,0.1264755480607116,0.1636958894143392,5.311839152109443,-3.3538289547233147,-1.9803314023979501,0.1079913606911509,10.404435746901509,-0.9445100354191216,1.287440882816604,0.8505857807735495,-0.03641660597232255,5.435816164817742,1.2101210121012063,0.14662756598240456,0.11625203441061327,-6.260991909954273,1.2704523580365779,4.8769266160570535,2.880184331797242,2.2298911600743265,0.07727975270479526,-0.2587069507903439
2019-02-03,-3.095416979714505,-10.783778868885252,18.5207100591716,-1.3216798124067397,-5.963393032867548,-1.6296296296296253,-1.5247915752523045,-2.499188575137945,1.9403058659451577,-1.721911321566938,-9.8151001540832,-0.6202008269344361,-0.8636363636363664,-7.809330628803246,-3.6315086782376493,-2.0796347958407346,1.2207527975584886,-1.478624236579873,0.08421052631579773,-3.1232976212093644,-11.969886709870059,-2.4580682475419335,2.336448598130847,3.6677454153182243,-4.401772525849335,-2.9320619785458857,-0.47989623865110076,2.6257161043921062,-1.6393442622950838,5.471215992785217,-0.8399209486166015,-4.450951683748173,-3.379006038086396,-2.6266416510318913,-0.7793195210036075,0.2851502522482896,-0.6270996640537541,-2.0254479356011434,-11.042471042471046,-1.1888036469380303
2019-02-10,2.4189796867731372,2.8536485935588995,3.14528207688467,-0.8641175199827211,1.9673503557974037,0.6588855421686857,4.767739779436342,5.892143808255668,2.4890117956377855,4.8182216381953635,1.5718434990603214,0.5943536404160454,2.6822558459422385,4.466446644664468,4.405652535328342,1.9684019684019782,0.7286432160803935,2.544861337683524,2.5452250736222037,4.217432052483594,5.872288220107391,3.3501334123925197,3.8275584206285185,4.266389177939645,3.7082818294190467,3.020628683693527,6.933402841131242,1.9072724453403689,4.962962962962969,1.339603819295987,2.19232685600399,-5.700275819797729,2.704001922845811,3.2755298651252485,1.379310344827589,3.718285214348205,2.704530087897239,-1.908295785846803,3.211805555555558,2.264028489926928
2019-02-17,1.7411052233156754,5.291319857312726,-0.5324298160697016,2.462410111135327,4.905582922824303,1.6644847578081157,1.3184476342371187,-2.6092423766111317,6.428571652782211,1.3372335979941585,5.130361648444071,1.9793205317577556,-1.4288903773163608,1.0530749789384952,3.2643312101910738,1.651003302006604,0.6734846595160882,1.3999363665287978,1.5794871794871712,3.9568345323740983,5.950454440756259,1.9219736087205952,-2.1989393351442232,0.1796407185628679,1.489868891537549,5.268176400476765,3.863497867154164,1.460742544126603,0.07057163020465218,2.5312895513992517,2.8278888347147646,2.144946376340595,4.399719166861682,5.3917910447761175,-0.3401360544217691,1.6659637283846562,4.82773754663155,1.7562820859227335,2.354920100925151,1.3475909717580281
2019-02-24,-0.4761904761904745,0.037643515904384195,1.4598540145985384,1.7652062951935443,4.226178829974558,-1.8947755702722557,-1.8364991079861448,-0.677856681730149,1.7449730542475006,2.0618556701030855,0.9600000000000053,-3.1286210892236377,4.167610419026047,-0.18757815756564877,-3.3924441017733176,-0.7746126936531761,-0.9167492566897972,-1.4747411358644547,-1.0096930533117887,-2.4740484429065734,7.420587830461178,-1.8857303687025095,1.3093506149980172,-0.9364415222155809,2.3194362889019438,0.7246376811594235,0.05867167331612411,3.5842831433713362,-2.0098730606488036,4.416403785488954,1.6595542911332473,-5.186127903277127,5.514458641560194,-3.4873428925473515,1.0997345468335196,0.7467330429371533,-1.1722838601632812,2.947424322889014,0.8216926869350827,1.6568185533482493
2019-03-03,-2.347488038277512,-4.741298212605837,-1.1031175059951992,-1.6509926854754386,-1.9898629622676967,-2.156384774048381,-4.746632456703015,-6.337341566460841,1.055402495278157,0.040404040404040664,-5.182250396196508,-5.681818181818176,-2.022178734507507,-5.804969722280228,-2.553870710295292,-3.5507428859229417,0.02500625156289793,-1.4649681528662417,-7.486740106079148,-0.8160368990597799,0.7333835360849861,-1.0900745840504822,-1.5796344647519556,0.4424778761061843,-2.553802008608319,-3.2149280575539563,0.48082561275946123,-0.3329955117996275,-5.253688377114074,0.9326152633652995,-1.9589552238805985,2.651006711409387,-2.5600169959634544,-4.988994864269991,-0.750187546886727,-5.0442660078237616,-5.126032620207588,-1.4960020634511184,-0.896495517522411,-5.377347498119301
2019-03-10,1.2861736334405238,1.1060635986569256,5.140640155189136,1.8912027199319947,2.4516376173146837,-1.9356075124568828,0.48260381593714374,5.62109646079112,0.13055468146196958,-0.44426494345718437,2.189537021561083,7.609384908053274,4.593874833555267,-2.017291066282423,3.166803166803156,3.603133159268923,0.8250000000000091,3.070458952811883,2.469680264608609,0.9300661777857266,3.9924817533126378,1.798143851508116,0.29181589070168545,1.9423307969563375,2.355712603062421,-0.7665505226480795,1.1204481792717047,1.7576990122022185,6.304595518420064,0.9109838625715794,2.0932445290199775,1.1114743380189696,-0.46876703368581296,3.1853281853281956,5.63114134542706,1.6261925411968692,3.371288233980807,4.896569782665616,2.8782894736842035,2.9621503017004835
2019-03-17,2.08616780045352,-8.009376831412386,3.966789667896675,0.3962460896767439,0.841278743690399,-3.16591752980262,3.417848765776843,8.508541392904068,-2.0860558433942633,3.0425963488843744,-0.09813542688911214,7.041838538597522,0.12730744748568057,2.262443438914019,3.4665255358560465,1.1844758064516236,2.3307711381105767,2.069614299153333,-6.77856681730149,-2.4455077086656063,-1.377599866086554,2.9629629629629672,3.848697262266887,0.6285602042820582,-2.474108170310707,1.0299625468164875,0.3231763619575334,-0.6423982869379063,3.7513397642015,3.198349239102405,0.5125815470643058,4.0737148399611955,-17.141292442497257,-0.280636108512633,0.8407871198568895,3.4990398975890846,0.15118790496759793,1.273090364453311,-3.1974420463629083,2.003195289607751
2019-03-24,-3.9389900784836396,-1.3590995965173103,-4.6583850931677055,-2.305774823431661,-3.5409714497589895,-3.733602421796167,0.22680635057781284,-3.1183772328186476,1.3315644678048022,2.1259842519685046,-1.9318925998690228,-1.3212221304706895,-4.1958041958041985,-4.491150442477876,-3.427109974424547,-3.4620174346201793,-2.95614247637509,-5.560675883256527,-3.601108033240996,-0.27247956403270157,16.784981510414276,-4.897620365246269,1.7065715741212406,-1.737263322272109,-2.1533923303834857,-1.1584800741427204,0.299125632765751,-2.8735632183908066,-2.031680440771355,-0.18745313671582053,-0.9735744089012566,-0.6213109661385552,-17.87177792465301,-3.5459662288930605,-1.2772751463544396,1.6285301999587665,-0.08626266982962871,-1.1338427409415819,0.8257638315441795,-5.129006185316709
2019-03-31,5.441652535840902,3.6813778256189478,1.6286644951140072,-0.637890708058686,4.862579281183943,0.8805031446540879,11.31465517241379,10.531249999999993,-5.387650867111438,0.9252120277563503,6.143572621035065,5.299860529986056,-0.48661800486617945,8.223303219828582,11.149364406779672,4.334365325077405,0.9737827715355696,2.8301886792452935,-2.155172413793105,-1.7304189435336959,3.3137278837316098,3.7241780622635945,-1.7906336088154284,2.423520063567741,-0.48236358154959413,4.266291608063755,-2.339986235375091,-0.6213017751479311,8.54130052724078,-1.8404907975460127,-2.762172284644193,4.626445764301335,4.233059713503939,10.542695973546001,-2.875112309074568,-3.6713995943204902,-3.3455644290956155,-3.390675641984542,-1.146601146601145,3.9528697309379135
2019-04-07,-0.7456140350877161,7.994186046511631,5.082417582417587,-2.0543548041943027,9.750733137829904,-0.14546965918537103,1.742497579864466,-1.130901894260672,-3.0555521647135375,1.3368983957219305,-2.956904687008488,-4.026490066225163,-4.578795287841741,2.611301369863006,0.2620919704550806,-2.9920870425321433,-1.0138476755687464,-3.827902562480223,-6.142927068037196,-2.6506024096385583,-1.0248623789893219,-1.5988779803646547,1.7340303455310568,2.3079906904577285,-4.877309906089067,-1.4163669064748197,-2.607470049330518,-0.6549568323905963,-0.7124352331606243,2.0280612244897966,-1.5888300433317237,-5.646847923513598,-0.9882643607164954,-2.97378145345768,-2.109158186864013,1.3055380080016832,-9.937472085752564,-3.070967741935482,2.5683512841756517,-1.5994042978939804
2019-04-14,2.489320960377084,2.4995193232070667,0.6100217864923652,0.19663535066638538,7.865731462925862,2.684703433922997,0.2854424357754626,3.831855876465551,-2.722069937472371,1.5454202789295213,3.6628849270664565,0.6072315760419444,-5.45073375262054,8.093450146015858,4.3488593155893485,3.517716033647722,-0.07494379215587932,-1.694078947368416,-3.9113428943937434,-2.361005331302357,-3.9117928135160573,1.2827822120866639,-0.03759869657852244,-0.5118483412322239,-3.7261146496815334,0.957810718358032,-0.10853835021708003,-4.854659874138445,-0.6523157208088715,4.688086010751347,-1.3698630136986356,3.9265357821405944,-0.5614472863381126,2.883569096844396,-3.3642033642033664,0.5819995842860193,-0.3719315645921095,-2.8221512247071368,2.100161550888524,1.1087177387479885
2019-04-21,-0.7617131359586082,-2.2322265991371215,0.08661758336943048,0.6541648495420826,-0.510915002322343,2.9793271179570313,-1.0436432637571103,-2.8091434866427956,3.681892448751767,4.677060133630295,-3.0331457160725495,1.2071330589849216,1.305740330130578,-6.34890003859514,-5.374629924846275,-0.9849790691947802,0.0,2.2586581897272806,4.7218453188602405,0.46801872074881956,9.379362731595897,0.9850830284266809,1.9934804413239693,-1.2195121951219523,-0.16539861065166805,-0.474361870341089,3.3079802004104764,5.417322834645666,3.873933026920562,4.107953188440416,3.819444444444442,2.5594149908592323,1.22333751568382,0.5464480874316946,0.4107177782123994,-0.20665426741062198,2.2648083623693305,2.767123287671236,2.373417721518978,-4.897263983584644
2019-04-28,0.0,0.0,0.0,0.0,0.0,0.0,0.0,0.0,0.0,0.0,0.0,0.0,0.0,0.0,0.0,0.0,0.0,0.0,0.0,0.0,0.0,0.0,0.0,0.0,0.0,0.0,0.0,0.0,0.0,0.0,0.0,0.0,0.0,0.0,0.0,0.0,0.0,0.0,0.0,0.0
2019-05-05,-5.329471397538022,3.7605525709900167,-5.452185201211601,2.794627383015591,1.7740429505135324,0.8069277701239885,-9.213806327900286,-5.327288183621426,0.852272697716705,-3.3687943262411313,-8.67462108997098,-0.16264570344266538,4.353112840466933,-8.736863795590356,-7.821901323706381,-3.506590400397913,-2.2499999999999964,-6.937172774869104,-4.172065301891681,-4.1149068322981375,0.7480364519191207,-7.636566332218509,-10.39950829748002,1.27314814814814,-4.274353876739568,-4.720835224693598,-1.4841650111020233,-7.5291305646847935,-6.194690265486724,-3.3035099793530587,-5.360726230291446,-7.87284610814023,-1.4099783080260275,-15.129733520336607,-2.0257109466303103,-4.162352453924212,-4.453638354830858,-0.3465742468675037,-5.409582689335391,-3.89566643552155
2019-05-12,-0.535413798378459,9.097633136094686,-5.720823798627006,3.0558482613277205,-1.2996941896024516,7.497071456462323,1.3623402682437336,-2.87339120023945,1.5492888441733355,0.6972477064220106,-0.7062146892655385,1.4118924789573661,-10.300629223957126,-2.5513659968390168,-1.1749347258485643,-1.2886597938144284,3.8107416879795464,3.164556962025311,1.4332071389940415,1.902834008097165,1.1408910067491673,2.836451418225705,1.934421731376057,-0.9904761904761861,4.29214260989963,-3.430204859456887,5.148279952550405,0.7108239095314994,-2.9986522911051194,-1.6607354685646447,3.796445880452337,5.707836181876824,2.3730944523023823,-1.1774426771328228,2.7037773359841033,2.052722558340525,3.43861436576669,10.620652755484205,1.6339869281045694,-9.097259823638614
2019-05-19,0.0,-9.152542372881356,-0.04854368932039055,0.1431492842535853,1.5336948102246284,0.962586269524146,-2.8755990831423217,-10.385208012326652,-0.2773857475168007,0.9475218658892226,-0.7823613086770931,-3.025435073627847,-0.05196154845414913,-0.8341056533827662,-2.509907529722588,-0.3916449086161844,-1.0347376201034764,-2.828902522154053,1.199680085310595,0.8740564163686848,-0.2685765501853621,-3.2863849765258246,0.28263795423957294,2.2893420546364007,1.0952538997676786,0.8140108534780532,0.5866425992779867,0.7058068655758643,-4.723862452240358,0.22919179734619544,1.6536964980544688,-1.4032946918852929,1.4123426466073008,0.6270903010033413,4.026325977545486,4.573364387042145,-1.6498399409012543,1.4993954050785963,7.234726688102899,-5.099954841493959
2019-05-26,-1.8148262073208299,-1.9216417910447814,-0.4371053909664857,-0.633040637124771,-4.226426609703992,0.3237992444684368,-2.950010727311736,1.719394773039884,0.6954034773433593,-4.476534296028878,-4.982078853046589,1.7669795692987211,-4.626982063945928,-1.8224299065420557,0.13550135501354532,-0.8387942332896414,-0.4729897933781424,-0.6313574184496629,-3.424657534246578,-1.8314296967310018,-5.655296353742156,1.7900485436893154,-1.2884176620587828,-2.2192965958247157,-3.972422849638868,-0.6850990946904778,-4.8900852400179495,-1.6247212488053497,-0.8020415603353981,-5.728727885425444,-1.3397129186602852,2.7537128712871395,-3.3757190432939788,0.39468217698379604,-2.065500558243394,-3.2800161976108577,-5.98397596394592,-4.83678818203479,-2.5487256371814038,-0.8101539559534854
2019-06-02,3.195488721804507,-0.5326231691078598,-3.7658536585365887,2.075626798191532,2.198502469332486,-0.6634391249775828,1.978556427545053,4.022988505747116,-0.9668474892243428,2.191987906273618,3.281780460203687,4.096581660336418,0.5723630417007408,5.021418372203712,2.3274695534506007,0.23790642347343294,-4.777388694347174,2.188492763854577,0.7637752318603308,-0.18054162487461944,15.832543128394816,3.24888226527571,1.033310673011556,2.7505289478745976,1.81196581196581,3.720128110372012,-0.6839622641509391,2.1049222797927536,1.2862918044836524,1.5575130856632091,1.600387972841899,3.643480879253236,-1.065329782234059,0.6414235464514695,3.6101083032491044,1.5281557462842876,0.34620505992011275,1.7526289434151243,0.3076923076922977,3.5937959830457444
2019-06-09,2.3527625986642375,5.144387072097922,1.4294403892944008,1.4697000201328692,2.9773967264224543,-1.2274368231046884,1.1706048124864532,-4.907377315567107,-0.6973534747646393,2.1819526627218977,0.6208911614316914,4.37842064112588,1.6260162601626105,1.4049399501472992,2.2216344882306283,-0.42194092827003704,5.095876017861833,-0.5526770293609706,0.43313481321061165,0.522508038585201,-1.609986494655613,1.0392609699769073,1.7763423496164776,0.7487832272557116,-0.7051712558764245,0.5225653206650804,-0.22559962004274903,1.3637805264827163,0.36284470246734646,7.102451288497802,-0.9546539379474916,0.8134805345729301,-0.6967537608867813,1.3157894736842035,-2.6774252704933055,1.5876288659793847,-1.5658174097664568,0.9842519685039353,3.0674846625766916,-0.7227332457293012
2019-06-16,-0.8304908794305232,2.728264823572202,2.4487756121938986,-0.7341269841269815,0.06055101422948184,2.065058479532156,2.656953074780377,2.9391660970608413,-1.5449370153169828,0.6152732537097361,0.39927404718693715,-1.7478152309613026,0.7466666666666733,-0.15642458100558754,3.2858990944372612,-0.5826271186440635,3.574106473381655,0.4341785342132587,-1.3477088948787075,0.09996001599359428,-3.339459677143697,1.371428571428579,-0.7272246463043808,0.22296544035673715,-1.3189042948934748,0.04725897920605515,-0.011900511722007234,0.31289111389236623,0.9399855386840184,-0.6572769953051671,-2.602409638554215,1.9884726224783877,-1.3713921224685066,2.313311688311681,-0.15074429998115368,0.38563020093362876,0.10784578053384397,0.6578947368421018,2.2321428571428603,1.4295152604856032
2019-06-23,0.014954389113208677,0.0,0.7804878048780495,0.2798321007395632,-1.4674735249621818,-1.7547000895255183,4.727614276768932,0.3984063745019917,0.42796004215657213,1.1870503597122273,0.6869125090383177,0.35578144853876115,1.1911064055055487,1.4547896150402861,-0.15030060120240218,1.3851891315929565,-0.5550193050192997,-1.7810824831402394,-0.3278688524590123,-4.953065708008786,-2.660213492947072,-1.1273957158962844,0.05327650506126158,1.2791991101223532,5.209047292666202,0.18894662257911143,-2.2851701975720062,0.12476606363069909,1.6475644699140313,-4.052457466918713,-0.24740227610093868,1.3280587736648863,-1.519805982215039,3.1336771122570495,-1.3964899037554268,-2.0420541852001595,-0.2962563964449272,-2.929072863713389,4.4395924308588075,0.6916335478789781
2019-06-30,3.005382775119614,5.347025495750701,2.1490803484995213,3.5479370141518807,0.6755719330569621,1.0023692363768877,0.7972097658196287,10.978835978835978,5.11363618630023,4.6924991112690995,1.8491921005385992,4.963281843504674,1.4909756735548063,2.669313920141181,1.2543903662819877,0.9721492380451835,1.844212569764614,3.9436619718309807,5.592105263157898,4.223576381592764,6.921029131348333,2.5085518814139007,3.5543130990415284,-0.7871133077063885,3.2573289902280145,-1.0136727958510172,1.5590742996345996,1.4641744548286706,3.9112050739957827,0.4925501785494335,1.7857142857142794,-1.8683770217512552,2.1178788376292834,-0.3076923076923088,1.1291866028708242,-0.8875128998968029,6.645056726094012,2.867830423940143,3.4146341463414664,0.23328782854847852
2019-07-07,0.3048337930033451,1.6638655462184904,-0.4169825625473855,-0.6352261790182889,6.466371816379435,3.789245759653559,-3.717251606524963,-0.8939213349225317,-2.4324323521816793,-3.972835314091683,0.3701745108408261,-2.6537997587454787,0.5154639175257714,-1.3966480446927387,-4.7819623389494526,-0.07806401249024209,0.5003573981415377,0.016937669376693165,0.3894080996884819,-0.8669354838709675,-0.8962655420070686,0.9733036707452625,-0.1542614731970704,1.2361623616236272,-2.1766561514195537,0.9049773755656076,-0.4317582153993804,1.2281240405281002,-2.780603594438791,0.7964710207082559,-0.4873294346978585,-0.39784029553850964,-2.3633440514469473,-3.6844135802469147,-1.9682059046177147,5.726780508121609,-4.00202634245187,-0.8727272727272695,-0.8760107816711549,0.2585983885267096
2019-07-14,3.053545586107087,-3.4881798644403994,-3.1023981728207084,-1.356063541263075,-1.9624695602349251,0.6954102920723182,2.5567306705000403,2.6758869512928385,1.108026440631682,-0.035360678925033806,-1.3698630136986356,-1.7843866171003753,-3.9487179487179502,2.9418173894094624,-1.769450949778817,-0.28645833333332815,-0.8297771455666236,-1.0499576629974583,-3.413498836307216,-0.2643888549928808,8.12259032012086,-0.9363811622142615,-0.012874983906274728,-1.057043921997447,0.7739438890680406,-0.1416096294547975,-0.5299927728258269,-4.458598726114649,-0.9417509591907902,-1.2035010940919078,-1.2242899118511286,-3.1383737517831634,-1.696031615346616,-1.4219907871019455,-2.27799227799228,-0.7681701792397133,-1.846965699208447,-0.14673514306676738,-2.1074099252209377,-1.3928357606496244
2019-07-21,0.4212891447830325,2.0554984583761593,11.27479866430956,-0.7462686567164201,-1.738749269433082,-0.7251381215469643,10.13215859030836,7.144948755490477,3.15068838127035,-2.1931376016979143,-0.8012820512820484,-0.7822356800403774,-1.8152696209289942,1.629974597798478,3.7615894039735087,0.3656307129798808,-0.19125029882859357,0.9584117747732268,0.05354752342703328,-1.1623164763458371,-4.6468401486988835,-0.8062274117319967,10.70048931238734,-1.1972738994289966,-2.1440000000000015,-0.6854171590640501,-0.4238314361830975,0.3492063492063435,1.8661971830985946,-0.6767564907099843,-1.1403073872087277,-0.8247422680412342,-2.6130653266331683,-0.0406338886631441,-1.5804030027657068,-8.11830091306074,1.693548387096766,-4.188096987509182,-0.7638888888888862,-3.0865781244437063
2019-07-28,-3.1044609145574054,-0.30211480362537513,-2.0476610767872883,-2.3941432528690187,-3.122676579925654,-2.7478260869565174,0.0,0.8472260180377056,1.4608266154133576,-2.6039783001808314,-6.192784060312329,-2.746693794506616,5.13866231647635,-4.186627785877938,-3.6252233852438143,-2.680197762164971,0.3832335329341241,-5.746736735039837,-3.1040941932030996,-1.939343924076753,9.291751854136198,-4.09192825112108,-1.0352448528556435,-3.2438478747203625,-4.905166775670377,-3.3793431699190912,-5.07114191900766,0.6010756089845026,-4.1479433114414155,-8.37462834489594,-1.1434302908726157,0.38610038610038533,-3.5775713794289676,-3.577235772357723,-2.067442794058616,3.262043637934764,-2.960613269891621,2.965235173824121,0.13995801259623075,-6.653169742640852
2019-08-04,-1.3277529224996365,0.5555555555555536,-9.641376824653092,0.30407459963510686,-2.4098234842670707,-3.791130185979974,-2.681818181818185,-0.43360433604335835,-1.7015770173692268,1.0025993316004511,-2.717183314198235,-3.1380753138075312,-4.189294026377032,-3.195652173913044,-5.033112582781452,-3.074866310160429,-2.219040801717964,-4.586330935251803,3.341618337475838,-3.1559015358720854,3.0023743836111727,-2.863822326125076,-2.0803949224259544,-9.152215799614638,1.7881705639614776,0.09852216748769127,-0.5252369971816551,4.2138364779874316,-5.697800216372162,6.138453217955653,1.9683441558441483,-7.633136094674553,-1.819479129504098,-2.4030354131534537,-5.410944865751177,1.8200836820083666,3.9498774175973805,-0.7199602780536218,-3.9133473095737226,-2.3131414945256723
2019-08-11,-0.6874360099458854,-2.62849489368826,-2.3334662943757523,1.2530315278900472,-1.8873859704309548,-0.3531598513011103,-2.008407286314806,2.3407729994556314,-1.5978695592682945,-1.9117647058823573,-3.2848151062155773,-1.0799136069114423,-4.453441295546556,-4.221872894677747,0.0,-4.82758620689655,0.36603221083455484,-1.7719132893496692,-1.0689470871191875,-1.5207473386921522,4.054837577786796,-1.3237063778580027,3.0728604009122584,-2.7359490986214263,-3.310810810810816,-2.731299212598426,-2.7559562137797866,-0.935425467712736,-2.600382409177815,0.9044585987261211,-0.24875621890547706,-2.978859705317105,-2.6162790697674465,-2.9157667386609076,1.3217768147345543,-1.0889665091432077,-0.5503144654088077,-0.7001750437609422,-1.1636363636363667,-2.501113528008103
2019-08-18,1.855670103092777,1.4958734525446937,-3.2468858484786645,-0.7185628742514938,2.5008015389548,3.3575825405707915,1.620591039084851,3.696808510638294,0.947232619672933,0.7121439280359798,1.220256253813301,-0.6550218340611313,0.2259887005649608,3.37631887456038,2.9567642956764395,0.5797101449275255,2.4070021881838155,-1.0554596046824072,-0.027012425715833288,-1.6545334215751106,-1.8998785120267647,-0.5182926829268242,-2.806568068009785,0.19624945486262924,1.2578616352201255,1.0624841892233672,2.635412528141967,-0.4264392324093813,-1.3741656851197437,9.190758742583016,0.9476309226932766,1.0234400792340725,0.6529850746268551,0.17797552836484876,5.988023952095811,3.531366846697126,-0.3162055335968361,1.6368672878368073,1.9867549668874274,0.015184672578527625
2019-08-25,0.6362058993637953,2.354734880569209,1.815111861544949,2.452754322476869,-2.658742571160466,2.3280996210070404,0.5159474671669884,-2.5134649910233398,1.8766689964750505,-2.0841086713807244,1.4064697609001309,-0.3021978021978011,1.183765501691103,1.1113631208890862,0.0,0.4034582132564912,0.5935422602089346,0.27152831652443865,1.513104566333423,0.9645580978017154,-0.7916347772211618,1.9307385841250468,-1.7133956386292781,-1.001088139281825,1.5873015873015817,1.4518147684605687,-0.9806451612903277,-5.567451820128477,2.1894904458598763,0.47404324199329384,-0.049407114624511195,-0.32679738562091387,0.6487488415199305,0.2442815900510764,2.7441485068603777,-0.5617977528089901,-0.3965107057890549,0.7928642220019766,-1.0822510822510845,-0.37942023180574935
2019-09-01,1.0057471264367734,5.263157894736836,-3.233830845771146,-0.7849293563579329,4.675449871465287,-0.4761904761904745,4.24638357442837,5.261773217574328,2.368421128714182,6.993538578487257,8.341589062809597,8.101405345825285,2.785515320334264,3.0955585464333746,0.8127878623679141,1.2055109070034487,3.375029502006144,4.642166344293996,2.608464200159699,-2.088424794490118,0.4274722291768729,3.3674082982561693,4.778739485554073,2.0663882171905845,2.5815217391304435,1.060942511719709,0.5342715663278597,0.9394233884029823,3.8955979742890445,-0.36823935558112364,-1.0874938210578389,2.524590163934426,-2.615101289134436,3.3673017279574724,1.139041633935589,2.5020177562550483,0.23885350318471055,-0.22123893805309214,0.2188183807439792,2.6812880760703983
2019-09-08,5.206258890469417,2.783018867924536,3.620394173093411,3.797468354430378,-0.8288564850345348,2.3391812865497075,5.326768128916748,4.598850287428147,-3.598968697248328,1.8117229129662515,7.278712509144114,5.633443793015558,2.6016260162601723,5.7006092254134,9.325450147809722,6.948383437322736,2.328767123287667,3.918669131238439,6.588845654993514,6.444293169956894,-1.5465346145728476,7.329842931937169,-2.3036649214659644,2.799913848804647,3.112582781456963,5.0537109375,2.3460790667530818,2.3427471116816534,10.386201724784394,-0.6121506121506082,4.697651174412787,7.930924208506562,4.387291981845687,7.951135876553783,0.44660194174757084,3.8779527559055227,5.4275880328302994,2.7839369302783856,2.328966521106257,5.86053412462908
2019-09-15,0.09464575446187506,-1.9274896741624636,-4.403555923092828,-0.7431402439024404,1.748955270082031,-0.831168831168827,0.5099872503187441,-0.7407407407407418,8.800000000000008,0.34891835310537633,-0.9376065461984329,-3.836872586872586,0.31695721077653616,-0.6175380815150233,-1.6470009832841637,0.7955449482895727,5.287817938420347,-1.8143009605122717,0.8031151131662195,-1.0658708164570485,3.069606571552086,0.5691056910569037,4.346790520423971,1.3199245757385292,-1.7341040462427793,0.1161980013943742,1.2537993920972657,6.3969896519284974,-1.6304347826086918,1.5339918651946505,-0.04773269689737347,0.2370370370370356,-1.7028985507246408,-0.1191185229303171,4.98743475739416,0.5495546712147137,0.10045203415369741,1.3183125599232959,0.4978662873399653,-0.5886492231298224
2019-09-22,-0.45927326759421794,-0.9046950553735722,-5.839100346020764,0.441543482434259,-2.8597505324003625,-0.4889121704208188,-0.38054968287526414,-0.07221954742416825,2.4509833840762774,-1.4255910987482578,-2.254345207365338,2.409033877038902,-0.4739336492891044,-0.952775476387735,2.024493876530875,-1.7890028939752667,-4.725577452850183,-3.1521739130434767,-0.21728633510381679,1.8530489118724347,-3.2997796999528095,-4.2306655887900835,-0.29673590504450953,-1.261373035566582,0.4901960784313708,-1.0445682451253435,1.6010006253908804,0.8252284114353081,-0.17265193370166187,0.469268627675401,0.19102196752627254,-2.2465267514040765,1.2347954294139374,-0.9739614390777196,-1.1600073651261256,1.6019600452318095,1.4550928248870942,-1.2065294535131277,-1.273885350318471,-3.299022103710547
2019-09-29,-5.075315510924138,-2.1722021092397292,-5.374368396876439,0.057339449541293774,-4.635139367366115,3.246183540972103,-3.522920203735147,1.3249819320645617,-2.5119616491301566,-1.0934744268077612,-2.992957746478875,-1.6662582700318507,-3.703703703703709,-2.5930572982015843,-5.977462028417446,-2.3037771229574067,-1.690391459074736,-1.77702955480733,-2.225985966610211,0.08462026655384758,-4.193168333660746,-2.6449071468767626,-1.5682234432234488,-3.9581151832460693,-2.6666666666666616,-1.3605442176870763,-2.6221839221962306,-3.858520900321538,-0.7955724662746411,-2.8822055137844638,-1.096282173498575,-5.926821892954337,-1.474604041507377,-4.2151746286631875,-0.29806259314456574,0.3709886848451083,-1.6567754698318504,-1.0536398467432928,-1.2186379928315394,-3.761488250443634
2019-10-06,3.917083631165119,0.24135156878519748,0.8737864077669855,3.361986628462277,3.89162561576355,0.7987763426240635,2.9476462824461036,2.2586780789348504,-0.6134999097278881,0.7489300998573478,2.667876588021789,-0.27410914527784547,2.19780219780219,0.9016745384285096,1.4330380406461618,0.10967918837401225,1.1990950226244301,2.1138830698914424,8.067310071764421,0.1690974424011893,-1.62994259010939,1.7919075144508634,2.6631003605070314,1.6354121238552066,5.9806214500501165,-0.023781212841855748,4.513274336283191,2.219519610823961,0.5927475592747644,0.7624633431084993,0.8192771084337247,3.4072645451623362,0.44345898004434225,1.7393126571668027,-0.4671150971599425,1.2751801885048986,9.253205934121201,0.02420135527589906,2.8301886792452935,1.302838500101422
2019-10-13,1.3619479983491445,3.515248796147663,3.440808469682377,-2.4764368878211096,9.846688794057211,-1.062215477996964,3.9743589743589824,1.139269937223908,2.7160463686342506,3.150442477876103,2.82835425136998,3.32333833083458,1.6129032258064502,3.3617021276595827,8.271256100693547,2.4924678170364256,1.0060362173038184,-0.14919806042521522,-2.358598580261051,0.9284659210804014,4.541262666948187,0.8233957978421413,-1.0647938377888577,-0.9225488092683976,8.165195460277431,3.3063748810656435,-0.08467400508044287,3.777513384889941,4.610051993067588,0.0,-3.441682600382412,6.68324525955859,2.0971302428256067,2.4922760041194536,1.6144171203303914,-3.4671532846715314,0.11507479861909697,0.7984514880232219,0.49400141143260967,3.0806004501103157
2019-10-20,1.5472312703582958,-2.0933478058613786,-6.5596650383810235,0.606405154443812,-2.1582733812949617,0.30674846625766694,0.2055076037813297,0.5977011494252782,5.649041561685464,3.1914893617021267,0.584493725287949,1.3059250302297487,1.4814814814814836,2.0996294771510993,0.6168446026097341,2.5387493319080745,1.1288180610889764,1.9237952932386948,-0.0234521575985025,3.324273468534389,1.9958980503969492,2.4781751619262105,3.171513624914124,3.5296665223040202,3.002040221509761,2.5788625374165264,1.2227602905569013,0.7451991974777972,0.994035785288272,0.2561117578579797,0.6435643564356441,3.292540792540799,46.84684684684686,2.5723472668810254,0.8128579346018849,2.778827977315701,1.0804597701149499,0.6240998559769562,0.561797752808979,-1.1315810142320082
2019-10-27,0.9222133119486831,4.83053531834019,4.35648493900922,1.1301563382934532,-0.48529411764706154,3.2619775739041845,-1.312551271534046,1.6681901279707478,4.061433447098972,0.8979048885932928,0.991283541275001,-2.0291238959178837,4.275286757038588,-0.9677419354838679,-0.09431737797689355,0.6254886630179923,-0.021886627270739645,0.10995052226498991,-5.090311986863716,-1.7604208822339151,-1.28057900739873,1.7862050013740083,5.626456553101766,-0.7320644216691097,4.1595925297113645,1.0101010101010166,4.532950603994745,0.8534850640113723,2.4278215223097144,3.4254528564793274,-2.242990654205612,-4.231311706629059,-6.490797546012272,-2.213949843260188,2.4189114898295783,-0.1655324627551913,-1.0006822833750317,1.6698473282442672,-1.88547486033519,2.1863572140957466
2019-11-03,4.688120778704796,-0.7856171627134034,3.6259541984732913,1.8997951201340957,0.7388798581350775,4.606778545574208,0.4571903574397407,-2.090357383681729,0.01092987711135418,0.428477257745552,3.9769842612963346,3.9230019493177393,9.450000000000003,4.193811074918563,1.9117299976398439,3.9886039886039892,3.327495621716281,5.308438586857034,3.682649530400406,0.4737384140061751,-2.448622649759513,3.995680345572361,-1.281781886951039,2.3388116308470375,-1.1681608258625409,3.200000000000003,-2.0823798627002343,13.342736248236964,2.0179372197309364,-7.735488941282142,0.7849451544731822,2.592047128129593,-0.695446791759613,7.353235824484061,0.7335838253712756,-4.384672070744289,4.36480588100161,-2.7686532144533094,5.6227758007117545,1.9528970576042415
2019-11-10,-0.9993674889310578,2.421196893558708,-1.9337016574585641,-0.14622555291536887,-1.0268446530732,0.440390059767215,-0.951592883740171,4.430670339761256,0.32794054220197655,1.3455858221201211,2.5390625,-2.9073856975381007,1.7816354499771592,-2.676826885502148,-2.2000926354793893,-0.6973848069738442,1.6949152542372836,-0.6431427081522667,1.6209773539928474,1.7630176301763,-0.3286979808661994,0.15576323987538387,2.8842060451255813,6.58842907144328,-0.7421660252886153,-4.974160206718348,-0.6660434681000194,-4.5047287207565905,-3.108320251177399,-3.808712582136775,-0.04992511233150587,-4.105656043640538,-5.853594080338265,-2.2396416573348232,-1.936056838365896,1.9845857418111734,0.4402377283733161,-3.2818532818532864,-1.2803234501347682,-4.014084507042249
2019-11-17,-0.9327881420904682,-0.5947071067499254,-2.4882629107981225,1.079992678015751,-1.7044612420334948,-1.0961478233636024,-2.2556390977443663,-3.6931193668938267,2.9418174676636655,1.36010362694301,-1.3333333333333308,-1.1832890606133795,-0.15709156193896012,-0.8632804657699222,-2.391664693345963,-0.6019563581640353,0.6458333333333233,-0.6123163051084624,-3.166783954961294,0.040290088638195165,1.6639183921106193,0.33696215655780737,2.865418433847111,-2.356577168244156,1.8831348656881852,-0.7704509404033555,-0.07057993177272959,-0.7818608287724738,-2.1386908619572265,-0.7210626185958247,0.6993006993007089,2.0359281437125842,8.407017543859642,-2.844597174494079,-0.8875203767433448,0.6045720763272255,-1.6217400832785445,0.7235528942115765,2.9351535836177556,-2.1129896425623573
2019-11-24,-1.483296788339994,3.2605444211785795,2.3832450649975856,0.0905469032959072,0.5579010856453515,-0.6016466117796049,0.08547008547008517,3.172791600091296,1.1642701839868819,0.6070287539936103,-1.3191763191763184,5.0830889540566915,0.13486176668915384,-1.0125556905629773,1.4313440077632134,0.6560686348725753,-1.1384806458290209,0.8977292730153241,-1.2112403100775215,0.4631494160290073,1.179585798273397,0.2066649444588009,0.07039420756234094,2.314540059347192,1.5221527589018846,-0.09134505594884379,1.3772807533843467,0.8930916732335259,0.0993377483443636,0.7262996941896027,-0.09920634920634885,-0.9096244131455378,4.997410668047642,0.884260168991946,-0.47514619883041176,-1.1079812206572726,-0.5123635553575423,-0.5945008669804297,-1.0610079575596787,1.7538618850577503
2019-12-01,1.165226499083527,2.3754345307068325,0.094051257935579,1.1217658766057514,-4.153546258809415,0.669002867155144,0.4269854824936026,-0.5309734513274322,3.0027227886652463,-0.4128294696729151,2.5105966742745345,-1.8837209302325575,-1.5712682379349086,1.3707037643207798,0.8849557522123908,0.12534469791927183,2.5544388609715307,1.9539427773900941,-0.024521824423739957,0.24052916416115178,3.162350568374128,1.1600928074245953,2.652999698522751,0.4833720030935851,0.6961178045515437,-0.8685714285714297,0.9753831862517437,0.20827909398593025,0.9593119417796947,-3.9342188488298513,-1.6683217477656442,1.4509920047379277,1.7016029593095006,4.285157771717962,0.3856041131105492,-1.9559437903532095,-0.6269592476489061,-0.42362322452030865,1.0053619302949013,-0.5450813602783544
2019-12-08,1.087097191665598,5.305602716468583,3.0772844726333126,0.42941492216854726,5.256570713391739,1.8354430379746933,6.760204081632648,10.742882562277579,1.9807008142641358,3.475765306122458,2.449109414758266,1.801374733349137,0.9350057012542656,3.9757820383450992,4.054054054054057,1.552328492739119,3.4708044099632573,0.7871321013004806,0.0,0.03999200159967575,6.060177782238219,1.1722731906218087,-1.566324033284383,1.2314796998268207,0.425418771603292,-0.1383444777495968,2.6678932842686187,1.9745388412574671,2.096985583224109,0.8822754806426136,0.5958392243991195,4.582603619381209,0.6304558680892303,2.353380649981318,-0.7133711359063488,0.34863451481697005,1.3970256872465114,5.480480480480487,-0.9953550099535469,0.7998851443263177
2019-12-15,-0.8577646908206393,-1.5719467956469169,6.517775752051058,-0.4453946196329994,-0.9363852556480423,2.1441889372280976,-4.2214257268020745,-3.795942960433818,-0.7968151613075292,-4.653312788906005,-1.583359205215773,8.870779976717102,-0.4744690465431578,-1.513975155279501,-6.265664160401007,1.0848126232741562,0.19731649565903897,-1.0865874363327643,-1.0301692420897735,0.8394963022186674,-6.18007763788685,-0.07556675062971863,3.5305818000994638,0.6462649686371336,-1.6415144294413597,-2.44747171553914,1.6801075268817245,-0.07643312101910382,-1.9897304236200286,1.9971283122307781,-1.124385101897396,-2.958414736254533,-1.7469879518072329,-3.2116788321167933,1.179071481208549,-1.003667245705464,-0.4444444444444473,0.92526690391459,-1.608579088471851,-2.409996240126744
2019-12-22,-0.14204545454545858,1.692601692601703,2.0539152759948553,-1.6821760916249096,-1.1702925731432834,-0.6084575600851849,1.6216216216216273,-0.31315240083507057,1.7068297604480476,0.6787330316742057,-1.104100946372244,-1.4114627887082953,-0.9307604994324592,-1.32045723295231,0.6562955760816669,-0.8536585365853666,-0.05907837731390364,0.2917953999313383,0.0,-2.87413280475719,3.336169163250635,-1.2099823544239996,-1.5850144092218965,-1.1142587346553379,0.9152086137281357,-2.792899408284022,0.02203128442388458,-0.5354411014788396,0.16371971185331624,0.42231891476836037,0.3553660270078085,-0.17256255392580355,2.035561005518094,0.33936651583710287,-1.8572469045884943,-2.0276857087151545,1.5401785714285632,-0.21156558533145242,0.95367847411445,-3.7795477350818674
2019-12-29,-0.24570024570024218,-0.6577181208053728,-0.2935010482180256,0.36403349108118377,-1.3207833611659336,-0.4285277012549771,-1.3093289689034338,0.20942408376962707,-0.4935858137767202,-0.8025682182985605,-1.1483253588516762,0.3470715835141025,-0.7332722273143855,-0.8188536049530626,-1.811156725428642,-0.6642066420664228,-0.1182266009852162,-0.735923327058019,-0.7930607187112804,-0.7142857142857117,-0.700645716589654,-0.6889512630773198,0.24402147388971063,-0.11459129106188293,-0.2400640170712176,-0.9009009009009028,-0.6057268722466924,-0.41015124327095087,-2.026806145799276,-0.8283420415445386,-0.26305139619586804,-0.5473926822241459,-1.4060809998798218,-0.7140172867343142,-0.8534322820037077,-0.8358208955223878,-0.8353484282259793,-1.5547703180212036,-1.0121457489878583,-0.4538379364730005
2020-01-05,-0.6870624837956973,5.972165923523853,2.5651808242220353,1.1425462459194735,-4.630769230769227,1.0759299108515252,-0.8291873963515717,3.8244514106583027,3.670632498604909,0.35598705501618255,-1.2584704743465625,-1.3402507565931643,1.0849492151431273,-2.3358840112766788,1.6724053123462923,-0.34670629024269317,1.5782205563227514,-0.1034482758620725,4.196852360729464,-0.6988694758478964,-0.7194211070250978,1.3103802672147946,8.325219084712753,11.720841300191198,0.5347593582887722,-1.5479115479115513,1.7617728531855947,0.9781209781209776,1.3680347013680372,2.22307890002571,0.3144654088050425,-1.1587485515643148,0.7679180887371961,-0.9841029523088518,2.6197604790419105,-0.5819787276740929,1.0862336510751414,-0.4067958841828201,5.9304703476482645,0.12577406993108387
2020-01-12,0.4438062916068297,1.0327680734412814,0.06150061500616033,1.5061861215707406,5.22664945959026,-0.6995133819951316,4.807692307692313,0.7447665056360631,1.1004831671576731,0.806191551112545,-0.03267973856209139,-0.5696757230499561,1.23315825530943,3.092783505154628,0.6531204644412147,-1.640159045725642,0.0388424936880849,-0.20711080428028605,2.853032845840331,-0.06209894431794538,1.9370088609165892,-0.1268069997463872,-0.8539325842696677,-2.0708540133493103,1.6755319148936243,0.1996506114299912,-1.0235191637630647,1.1470813153199089,4.377880184331806,-1.2570710245128902,0.5460612802103304,1.289566236811246,0.7499697592838972,1.3570336391437232,0.09117432530998393,1.0092854259184492,2.7850877192982404,0.5526189332051956,1.029601029601035,-0.3297278286377492
2020-01-19,2.300194931773869,0.18929833417467012,-2.2331489448883413,-0.24730612965907506,-4.99770044458071,-0.0612557427258853,0.6781013163143168,0.7392607392607387,0.9465192006487211,2.559181062060145,-3.2200065380843412,-0.1983252534155988,-1.9399954883825843,-4.679999999999995,-1.7784186493631338,-1.1369378473976788,2.2908173170258284,-0.3286060186786566,-1.7249417249417198,-2.775476387738196,3.2535953004046103,0.45708481462671813,-0.1813236627379866,-0.3145753233135262,0.26157467957101943,-2.316313823163141,0.14301430143013327,0.20161290322580072,0.18921475875117721,-4.901336728198602,0.7744141607160859,3.530092592592582,1.1285868651698783,-1.4897227984159933,1.3481508471488324,2.078337330135893,-2.6669511414550873,2.939068100358422,-0.19108280254777066,-2.930052921173598
2020-01-26,-2.794715447154472,-2.7837259100642386,-5.196982397317685,-1.3104303169824694,-4.243989026948524,0.2451731535396906,0.7527733755942956,-2.8163427211424064,5.625879043600568,-2.4641297567061793,-4.374261104543153,-6.601898873923606,-2.760524499654937,-4.699958036088958,-0.5627599706386155,-0.7411193457705134,-2.5241981400645264,-2.0301926080166566,0.023719165085389626,-1.320835108649343,-1.4828609117037428,-0.8847320525783631,5.495004541326076,-3.856942496493687,1.7740673102008886,-0.5354411014788396,-3.52631000768977,0.2012072434607548,-2.738432483474973,-5.127175368139225,-3.1936127744510934,-2.7110117384013366,-1.1159919268669105,-5.551301684532928,4.673737192162508,-0.43069694596711283,-1.2056115738711126,-0.09285051067781103,-0.765794511805995,-2.7101609666019266
2020-02-02,2.7443805541035093,1.399326250323929,11.936339522546424,2.296788085411805,-1.3818672059319193,4.280036686028743,7.3141958316948585,-0.6122448979591799,8.921438082556588,4.541093700031973,0.9360649947015132,0.9219858156028327,6.411166311805072,-0.2862175253192434,2.8297244094488194,1.8022657054582947,4.672897196261672,3.4360609280906784,3.55703106473797,-0.6476683937823857,9.93146771304929,1.045651619484822,9.470512268618169,-1.0211524434719177,1.7431427839015745,2.845424250192252,-1.2411751309496677,-1.0793172690763075,5.631067961165059,0.2963172005079784,0.5154639175257714,2.9301924734271845,12.258374354664436,-2.7766518038102928,3.7266014082088184,0.5112072355485608,4.038162857776784,1.3940520446096727,-4.887459807073958,-0.5671433551396987
2020-02-09,-1.6916815059781265,-2.6066956299514388,8.945497630331744,-1.8242413611647135,1.6233766233766156,0.4104368220463117,-0.5862953462806852,5.48254620123203,-3.015482932839242,-7.494646680942186,3.5870516185476875,-2.4595924104005573,-4.446420631391734,-1.0598366085228572,-1.1486001435750182,-2.200303490136568,-2.6413690476190466,-1.7294520547945225,-1.6029310739638203,-1.0647544545849597,-5.403428790822562,-1.9182231196365418,-2.241447109712935,-3.0213706705969012,-3.9304610733182144,-3.0159521435692893,0.7148622160728646,-1.141842172037555,-3.982843137254899,0.4079909960607697,-3.200000000000003,-4.186435947529999,-4.26737967914439,-2.584948926412345,-2.8311258278145734,-1.9757433489827836,-1.3222435487310724,-2.589367552703936,-2.298850574712641,-13.82317845222374
2020-02-16,1.3973347134170089,-1.8761479926528435,2.6644915715062556,0.46453457209219007,-1.0257272574407228,0.0,1.4006634721710265,-3.270391278956586,2.9831911645058273,2.215608465608465,2.6689189189189166,0.336215177713739,-1.6053978594695262,-0.6471769694264662,-2.299685306221255,-2.9221618825963303,1.318303400840648,-0.1568217459487764,-8.377938096346293,-0.35141664836371156,-1.0726223098663334,-0.05146680391148184,0.4424778761061843,2.849544072948329,0.472069236821393,1.619121048573624,-3.755008586147679,-3.1057494866529756,-0.7019783024888371,-2.7882863948437753,-3.697817334180975,-7.253131371977862,0.5139090604401764,-2.2897496255082417,-0.3578122337706602,-4.210736379964075,-0.7348173762697252,2.093625029404844,-0.13840830449827202,-1.8687961602863679
2020-02-23,-9.059589128493052,-11.605829656371169,-11.493644067796616,-10.030232971723274,-9.208290859667,-10.715328467153284,-11.70483460559797,-10.142885892533704,-4.4063647490820035,-4.723390488515045,-7.880881869035871,-12.948779320248926,-11.019153464175924,-5.211141060197666,-10.95143706640238,-7.192328183271179,-7.16575523288705,-6.108202443280975,-6.121412242824487,-5.48820806700463,-13.912475062495055,-8.161688980432547,-10.212254705646773,-2.5304765422977438,-11.302531975985385,-8.801213960546283,-6.411323896752707,-7.867549668874174,-11.889460154241648,-7.494955318535601,-8.471779073605457,-4.334170854271358,-11.29265310659109,-4.402102496714844,-15.270177838577293,-13.541666666666663,-12.279555845852386,-15.023041474654375,-10.533610533610538,-8.034120116968102
2020-03-01,-4.672372667321456,1.4067463318711226,-4.588071015360063,-1.4429729195493235,2.488772455089827,5.199476782210599,-3.0053519967064624,0.492721164613652,-3.457106274007682,-5.1273344651952435,-4.000714413288087,-0.43992301347264284,1.435025245814514,-8.151658767772506,-4.563160823594881,-8.840413318025252,-3.493804590696725,-3.3457249070631967,3.9502164502164483,-1.469216417910446,1.2139530918815922,-2.5791982057751572,-2.0071364852810025,-0.7011559598256611,-2.7663331371394984,-4.021075984470324,3.7747839349262735,1.1213341000575028,-2.9905178701677637,1.7918354627609823,-2.7166726770044503,-7.386736703873931,-1.7416363864177442,-4.467353951890029,-6.034308779011099,-4.578313253012045,-1.5636634400595706,-0.8676789587852451,-2.1688613477924057,-8.520275987912774
2020-03-08,-10.450397409478951,-13.320405727923623,-21.30462053104746,-5.45527476935419,-15.592477633741098,-14.112527199253966,-19.634974533106963,-16.02406953420994,-9.770112783902519,-15.10379384395133,-14.790697674418606,-20.215410107705058,-18.65339271679329,-12.409700722394224,-16.472303206997086,-16.750629722921918,-15.21784887392128,-13.596153846153847,-10.931806350858931,-7.337278106508871,-14.602697355034543,-16.143884892086334,-17.396449704142015,-17.958015267175576,-4.418886198547211,-9.939323894828089,-9.369259032455602,-12.65282911572363,-11.616541353383457,-11.342415429358644,-9.427900654886944,-14.640198511166258,-12.445804641673043,-18.00959232613909,-24.634879725085913,-17.9040404040404,-5.042864346949072,-19.256017505470457,-15.360253365003961,-9.7618470409499
2020-03-15,5.111768573307041,2.030631560832896,-28.613177470775774,2.545608824777257,-13.065109236426565,6.04415490408976,-4.140699271152426,-12.367303609341828,17.197451817873933,11.973018549747039,-0.917030567685595,-11.163032191069577,-6.006441223832526,-9.808541973490426,-15.287958115183242,-3.17700453857791,0.24826216484608032,1.6692632984642852,4.120397428404443,-2.6819923371647514,8.936093554038017,3.397391901166791,-1.5869517302182112,11.51430565247733,-5.5414819506016455,-0.5133140840551831,11.32432432432433,8.528645833333325,0.5529561888558021,-1.8991712707182362,13.02864938608459,6.976744186046502,-10.602971162248764,-11.670078970459198,-8.976916500427468,-0.7074746231928608,22.118959107806702,-9.214092140921403,-18.241347053320855,1.9858832880899069
2020-03-22,9.913995308835034,12.80148423005565,44.659471529586895,11.708729830368213,10.54988803184871,13.890784982935145,19.61432506887053,29.315566323440343,-3.0100333833719572,3.8780120481927804,13.0453944468929,26.7484901616988,17.320541373993482,20.11757021554539,25.25751957148743,14.6484375,16.07231302625063,7.749562171628721,0.028066236317703108,5.931758530183728,22.514106351437626,7.89910388317292,11.567749160134388,4.714226115978315,15.62185719074758,9.126088358594009,9.9781500364166,10.287942411517692,20.17766497461928,15.06511791622669,4.393482196741094,12.73291925465838,27.305311176278924,33.642384105960254,19.630557294927996,9.324659231722432,4.631441617742982,23.95522388059701,20.59496567505721,-0.9992298279427825
2020-03-29,-11.865130174989325,-6.399521531100483,-3.987651144841775,-7.296296296296301,-6.437092054917848,-7.132154629907106,-9.258406264394292,-8.173302107728341,7.06896326380313,-6.487857919536067,-16.74463937621833,-9.760221334153085,-7.476635514018692,-11.555193039695489,-8.421052631578952,-13.1175468483816,-11.60657136761255,-13.08411214953271,-1.2345679012345734,-5.277502477700691,-10.957645937130033,-11.627191633343593,-6.634547826959746,14.820717131474105,-6.523630037692085,-8.569739952718681,-6.754966887417213,-3.3995104704922507,-11.79162266807462,-5.139186295503217,-12.937911897329169,-12.224517906336086,-8.241617609418995,-14.469772051536179,-3.8733315885893793,-5.582317937092663,-15.024937655860349,-5.418422636965681,-10.056925996204935,-18.348859993894905
2020-04-05,7.1025020177562626,6.549520766773154,16.4790996784566,2.377147423092296,15.924945874428676,0.9357857373346157,16.44670050761421,15.506248406018862,10.305954200634048,7.868217054263571,12.971201123858588,6.557656276613866,12.436868686868685,15.954503535198272,8.081896551724132,11.235294117647054,4.58604875693942,4.464703132304826,-1.9886363636363646,4.106722469264978,11.537900966907277,5.569091541942228,9.492582240378411,-5.291464260929912,7.227047146401988,7.530704589528114,5.078125,4.61711711711712,6.424581005586583,6.643018381167365,10.783532536520578,2.1184778344448763,7.238493723849371,8.951332560834292,5.200108902804246,10.174069627851146,3.3749082905355943,9.038828771483143,11.28691983122363,18.76387074707806
2020-04-12,1.823662396382808,4.482758620689653,8.925695882217632,0.2146341463414636,5.582070969080721,2.461636828644509,3.7489102005231034,3.5107087657319402,0.6934378098425231,-1.8684872439813205,2.362694300518142,-0.6393861892583175,0.8422234699607012,-0.05302226935313126,-0.6314390162844852,-4.635995064339859,-1.7078236787445134,-1.1188185276348128,7.478260869565223,-0.4773869346733628,1.5894039221141743,-1.3188262446422683,5.301914580265099,-2.2531599193991614,2.7191206248192046,-1.3826269912834421,0.22530134054297157,-1.237890204520986,-2.1747281589801326,3.7647414575143534,-2.229681131623107,-3.4575489819439142,4.851085966965796,5.557032704068066,-4.917184265010355,-2.9692181966766595,4.423941329548153,1.4302393461762986,1.7061611374407537,-2.66880162108849
2020-04-19,-3.1527531083481386,-3.77385564643421,-7.180570221752902,-0.8956386292834906,-6.485849056603776,-1.6224648985959433,-5.000000000000004,-9.087030716723554,-1.6672777703624186,-3.368729403149029,-0.9313626240129547,-6.386743886743885,5.484409799554557,-0.45092838196286733,-0.6354515050167264,0.536044362292043,-0.8922282225874656,-1.0409594930979815,-3.8295577130528557,2.1206765968189822,-0.9126530124262455,-1.6371533578349529,-4.895104895104896,-3.991754122938529,-1.3235708251196798,-0.9143553794574877,-2.641339777453078,-2.915531335149868,-1.9164430816404732,-5.332944776336879,-1.2138303089749836,1.1539992041384783,-11.411560406846933,-2.040302267002514,1.0070767555797389,2.4143739472206605,-3.0131400090620764,-2.877697841726623,-4.659832246039142,-4.908150209740358
2020-04-26,-0.7488919455907128,1.4912019087384376,4.846416382252561,-4.322200392927311,6.305170239596469,-2.0932445290199775,1.8133569217160472,1.7128108869075565,-5.270910793766081,2.5009473285335426,0.38830983036992617,6.375665921979712,0.897334389020843,-4.929389821476149,15.516661056883208,0.6802721088435382,-0.18952854773750527,2.0352160987880064,-3.6735838474481253,-2.0519159456118707,-2.9342074081969427,0.8831521739130377,2.1078431372548945,-0.5465547530743686,1.7694063926940728,0.4306367271608824,-4.97575617640268,-3.311815885489755,1.2504884720593967,-1.6469139602893645,-4.666749410450544,2.399685287175446,0.44805376645198347,1.5170995114425212,3.3144704931285407,-1.5350877192982448,-1.2146694697500626,1.9555555555555548,5.8651026392961825,0.43252596678160504
2020-05-03,-0.030797659377890252,2.0863943579194855,1.302083333333326,0.5133470225872738,2.6690391459074814,2.8506640751538637,4.648132059079058,3.7600922722029972,1.8677042091856055,4.177449168207015,3.3387622149837037,3.5541195476575194,-2.2756997122678535,3.195067264573992,4.370629370629375,0.9313367421475593,2.5160218371706566,4.9529359031824205,0.553129548762743,-0.5300353356890497,5.0562526211112235,7.104377104377102,1.2481997119539123,3.7684003925417153,2.9164329781267595,1.1638591117917318,3.389624589964768,3.4252539912917213,3.049015824006185,0.0,1.6924879572972173,2.6507875528236635,5.157513242263723,3.06484295845999,-1.0954616588419452,3.0066815144766057,2.8611965003547013,3.545480964835801,4.432132963988922,-0.20097091989254023
2020-05-10,-3.7430683918669105,-1.1945883707541793,-2.0137103684661484,-3.7180796731358545,-1.6945888696321965,-0.31496062992125706,-0.7887090078870895,0.1556247220987128,0.11459128678741326,2.37757274662882,-3.349093774625689,-3.6193447737909556,7.387580299785856,1.195002715915261,-2.7359017308766,-1.9540437850551817,0.9492938180134303,-0.8327994875080069,0.6369426751592355,1.9791930981984285,8.800006577621167,-3.55234203080792,-1.1853959222380306,-3.0073765840741395,-5.831062670299724,-3.481683318195583,2.6909518213866113,2.497895032276176,-2.621722846441943,1.3302034428795073,0.5889130713096824,4.116766467065869,-1.1930010604453867,0.27033669206193434,0.5537974683544222,-1.4864864864864824,1.632183908045981,-11.31069323603705,-1.2378426171529622,6.300343357865912
2020-05-17,0.640102416386612,-1.3401310997815052,0.7214691735898615,2.6946743051135202,3.8197845249755114,-2.843601895734593,-0.20920502092049986,-1.7758046614872347,6.86760752740756,2.5996533795493937,2.8536485935588995,3.5933959210100452,0.8723828514456633,2.254428341384873,2.898966704936856,4.7241188411145885,1.1467889908256979,2.4117140396210157,-0.14384349827387677,-0.17417267977108963,1.6603357170919875,2.5749674054758698,1.0076775431861806,-3.568642745709827,-0.549768518518523,2.164366373902138,-1.9224167524888425,6.161007667031759,1.5769230769230758,-1.0965250965250917,-0.21636757031946452,0.17972681524083267,1.8379393614166961,1.7892156862745034,-0.10490427484920462,0.7681755829904047,3.302420266907946,3.449367088607591,8.146821844225594,0.9472259810554773
2020-05-24,7.409763078390852,1.4912151188542833,4.883872368135456,0.9917355371900749,14.207547169811319,1.9837398373983683,5.828092243186589,-2.824858757062143,13.459471315368976,7.094594594594605,10.344827586206895,7.968749999999991,3.55819125277983,8.42519685039369,7.196652719665275,9.920704845814976,4.761904761904767,5.761143818334724,6.222990492653424,6.5553339980059855,17.650496166277208,3.940260565618048,5.463182897862229,0.728008088978771,11.405295315682284,9.824992324224757,0.8867110022167779,9.104978075831838,7.421431276031809,2.5921299188007563,7.780612244897966,4.018658055256541,11.15795020418917,4.984348663616656,8.87372013651877,10.481894908793898,4.379242391066351,4.802691954726224,3.06291390728477,7.479891125062843
2020-05-31,4.618800888230945,5.906313645621175,8.029801324503305,2.7414075286415818,5.633570130513799,2.008928571428581,-0.6735340729001615,10.883720930232554,2.9263688753235373,6.750788643533112,8.692528735632177,8.856729377713467,-3.5790980672870454,5.15613652868554,3.851157949518602,5.129849310676504,2.4891774891774965,-0.2584493041749458,4.258204502305407,1.8947368421052602,-9.766985269569373,6.756343625802508,4.054054054054057,0.34129692832765013,-3.055628101331942,2.8795079675705937,4.961258239851962,-0.8510638297872353,2.2206556221360696,5.281582952815822,2.7573964497041414,9.382545705415657,3.685707513628822,5.435779816513753,9.4285025319508,6.875308033514038,1.3425634571009093,4.261529480443671,3.775100401606424,12.79621329298224
2020-06-07,-3.028159049101453,1.7032967032966972,-2.8544061302681945,-0.8164078056551172,0.09383797309978625,-1.094091903719907,-0.6382130035899491,-2.8313758389261756,-0.6725742280819569,-2.9846335697399473,-6.956378056840718,-4.9986705663387365,-1.2868101954961686,-7.688766114180479,-0.2756201453269824,-3.9036291552302482,-1.3938753959873318,-3.9665138529001442,-2.8876170655567135,-1.331496786042241,-2.945052341202681,-3.9805269186712455,2.857142857142847,-3.4413765506202454,-6.384698275862066,-3.233695652173918,-4.49537241075364,-3.0758226037196024,-0.7241379310344853,1.5758276709556096,-3.6047449038350776,0.5991800693787352,-4.320493770716649,-5.0467696323689415,-3.7020713970912333,-5.787410652524782,-0.6830883874974103,-3.6114221724524054,-2.8637770897832815,-6.656347919277561
2020-06-14,-0.02918429884721796,2.80929227444624,8.124630250443698,-0.10038144950813566,-1.6406249999999956,-0.7901390644753481,-0.4014452027298221,7.317073170731714,3.2625393149815274,0.9442583003350657,2.042266027348605,-2.350965575146935,0.8774128854349472,-0.6483790523690747,-1.6080402010050232,-0.3490955252300809,-0.36410366245448467,-2.1378165213781664,-0.6697026520224969,1.5123313168915686,0.9057998657226562,-0.11929615269907767,2.441077441077444,0.8081226688769094,1.8992805755395636,-1.4602639707947174,-0.4499307798800145,1.3530135301353052,-2.5703369225425488,0.7116424708226488,-4.157706093189962,0.5329153605015735,1.5649265320750283,0.1832760595647187,-5.263157894736848,-1.1502692119432223,2.813672363484776,-3.3401103688643574,0.0,-0.5448989048303488
2020-06-21,0.2481389578163684,-1.221755123489232,0.911909538573763,1.3263665594855256,-1.3502779984114421,2.7397260273972712,0.6045949214026569,6.13435237329043,4.113263905122477,3.6511768255884203,-3.376261747302467,-1.175121811407276,-1.3419483101391627,7.4046184738955745,-1.3534218590398384,-2.1337579617834446,0.7308684436801327,-3.43584305408271,-4.935275080906154,-3.713041485216595,0.79667313480416,-3.0755449387877,8.504519309778136,-3.2065775950668063,4.54673820954532,0.08549444286121144,0.10429945532506313,2.0873786407767048,-0.9982174688057066,-0.94686263425664,-4.013961605584637,1.5590894917368203,2.881674900023534,-1.669334552938484,-7.125603864734298,-5.199306759098787,2.3515102371781893,-3.4555288461538436,-3.426294820717135,-2.667932828758579
2020-06-28,-1.5579499126383234,-0.10639712727756878,4.427977589011389,-1.7255057516858407,-0.901771336553947,-1.023255813953483,-0.04006410256410797,8.849725222664384,-1.248207946255453,3.1149927219796147,-0.2521613832852987,-1.8271461716937387,-5.138539042821155,-0.9114279037158224,-0.8801449650530646,-0.29287341360234587,-1.1523687580025643,-0.9005051614320192,-3.517730496453897,-5.427279219233516,-4.029828805045077,-3.3271719038816983,-5.755395683453235,-1.5502229772775489,-4.078876283090227,-2.420273348519364,0.3473026163463677,-2.3300047551117475,0.5041411595246625,-3.552575260379509,-4.07792207792208,-5.495855081363221,-2.595175488738999,1.6046511627906934,-2.5227568270481115,-3.9958213632802275,-0.6535947712418277,-1.867413632119519,-3.5478547854785436,-3.5731781413181896
2020-07-05,-2.8546073066114452,3.5814139262415168,8.463136033229501,1.5136226034308864,-2.047448813779651,2.2869674185463706,-0.5210420841683328,3.098885793871875,-6.105409636458514,3.9808018068887563,-4.785120982304081,-1.2703101920236382,-2.5491237387148202,-3.985849056603774,3.0295116218333806,-2.741514360313313,-0.8635578583765069,-0.6427304964539027,-2.8521023228462172,-2.8441983387868075,-1.879132298019659,-0.5736137667303964,4.13820811570913,0.0647109577221805,-3.491974091805128,-1.0796615115261199,-2.98800184586987,-5.087633885102239,-1.3615191687567196,-0.7100591715976323,-3.6555645816409466,-1.3645224171540016,2.3826291079812156,-1.121538109407183,-8.75133404482391,-2.4211099020674642,-4.844497607655507,-4.630510624801776,1.8819503849443864,-4.873099544931792
2020-07-12,3.730207064555424,4.305912596401029,2.361576511887664,1.729622266401587,-1.2276045122760482,1.5007656967840788,3.464947622884762,-3.9344815940560607,-2.482400889218228,3.3668205267445073,6.80826853783425,5.415918611609816,1.1171662125340598,2.3090149840333973,3.3713561470215536,3.4228187919463027,6.598432055749126,3.2790542047735904,6.4164648910411515,0.958549222797922,-1.7969055414782886,5.384615384615388,3.3179012345678993,2.629877128691538,0.8170411438576108,3.0973451327433565,0.6659531454394019,2.821236214413947,1.4166363966581885,0.08939213349226094,2.5014052838673306,4.677206851119897,-2.453284420497537,6.944444444444442,10.204678362573105,3.791469194312791,3.980724910957467,7.981376787495842,7.220822837951291,17.262543840521705
2020-07-19,-1.2329370321444322,1.7868145409735137,1.2003117692907184,-1.2116474496775442,-1.1588847833389315,0.24140012070006378,4.40031152647975,4.271400949200221,-1.2727963525835828,1.6285789335434675,-1.5269886363636354,-3.5197275049673626,1.5629210455402776,-1.3685474189675917,2.108876900441392,-1.5574302401038298,-2.2471910112359605,-2.246220302375812,-1.1660978384527843,-2.001539645881445,1.300108342361872,-0.33454987834550254,7.318894697535483,-1.1552194917034186,-0.20260492040521383,-2.1745350500715355,0.17720023626697223,-0.04988775255674316,0.21489971346704273,-1.4885382554331694,-5.950095969289826,-0.12586532410321372,2.738277118345289,-0.06493506493506773,-3.05120721676837,-2.121944668278275,1.128349788434413,-1.9094548814290069,-1.4095536413469056,-3.481225891460471
2020-07-26,-7.6088571853172855,-2.227602905569004,1.5865680837954477,-3.323442136498511,-4.757858963466443,-1.8964479229379938,-8.429690414024616,-2.8995279838165855,-8.87050221281509,-4.626518480227448,-8.979444644789037,-7.9729332156516675,-0.3449190766781629,-5.842259006815964,-14.961575408261286,-7.712590639419902,-3.866248693834906,-6.3411400795404305,-7.7410071942446095,-5.106048703849176,10.017825311942952,-3.936527311565452,-1.739735560194855,0.23374415639609847,-4.292343387470998,-9.505703422053235,-9.95283018867924,-0.798602445719987,-2.037169406719086,-11.604714415231188,-11.501457725947517,-5.261499684940141,-2.9169526424159264,-10.504656703487115,-9.79748221127531,-5.488474204171245,-0.7770472205618661,-4.61538461538461,-5.401111993645746,-14.898635169342334
2020-08-02,10.632137686987297,5.559683011391781,-1.1220621683093235,2.598731328013093,5.316681534344325,-1.2580546179809748,0.04073319755599769,-2.9861111111111116,1.858108108108114,3.197831978319776,0.9508716323296307,6.13810741687979,1.3578274760383424,6.127197518097205,3.1064670996893584,3.6428571428571477,6.8260869565217375,4.3406463788629335,3.3374922021210285,7.864238410596025,0.712896953985731,5.4637865311308875,-1.770538243626063,2.8407886368454482,0.21212121212121904,1.8745959922430444,3.156102671555794,0.2515723270440251,0.9485589201021494,-5.2991452991453025,3.2943501894251437,6.584635849684073,1.6377989866855236,-0.14520813165537216,7.4029126213592145,1.0162601626016343,3.2730923694779035,3.7195523370638472,1.6792611251049472,5.817174515235468
2020-08-09,4.4053503925559845,4.117302052785932,-2.9903389050759066,5.484642999601119,4.336777909537526,3.293971410814178,5.333876221498368,2.684323550465284,3.378938640132678,4.674369747899165,6.8288854003139665,6.927710843373491,4.544260572629377,6.869671132764932,6.491372226787173,6.305995864920755,4.741554741554732,4.65747230386615,3.954120132810135,3.734970580711172,5.469755469755477,6.746987951807237,2.847873107426091,5.9163059163059195,6.743271847596,4.8540609137055934,3.2372730735051425,8.105395232120461,5.168052041922655,2.3465703971119023,6.410460851538824,7.5195007800312075,12.114537444933916,9.258361609306842,2.203389830508473,6.668582926128197,5.58040054442932,5.902887972072368,5.119735755573895,9.031413612565453
2020-08-16,-1.378638072691829,-6.669671022983326,-1.0591210875750878,-2.28776706371715,-0.8605293067056374,-0.12033694344163459,-1.8167761886354827,-2.492157546183338,-1.8447964708241393,-2.308078273958858,-2.645113886847905,-0.1971830985915468,1.4321608040201106,-2.461819010713473,-3.703703703703709,-2.495948136142623,1.2434427822032301,-0.19442644199610948,0.0,-1.1097410604192337,-2.6438910325465192,-0.3950338600451464,-1.9277953031896278,-2.6274815103152993,-3.031161473087818,1.6036308623297968,-0.3566158386620777,-1.9730733519034316,-0.8591065292096189,1.5696649029982357,1.333732953693989,1.6540917005223532,-4.06369558473788,-0.842945874001777,2.4046434494195745,-1.3742926434923253,-0.939226519337022,-0.6592747977225089,-3.377847604084838,0.7202881152460927
2020-08-23,-0.3671279299632846,-0.04828585224528892,2.20482505192523,-1.6447368421052655,0.4094333442515641,-2.6807228915662673,0.7480314960629952,-2.93118856121537,-4.535240040858013,1.5151515151515138,2.3207547169811216,-0.3669206886819043,-1.5605647758236363,2.1967749474176124,-0.694444444444442,3.6569148936170137,0.3262329687200083,0.9740259740259827,-1.0743321718931442,-1.3466334164588534,-2.0367662938434727,1.0198300283286166,-2.0014295925661174,0.1798920647611446,-3.4472684779433216,-0.5955926146515744,-1.1724052819943265,0.3078380298366046,1.4904679376083196,5.417607223476306,0.473232771369414,7.222380816443041,-1.4873895236042212,3.109619686800902,1.0526315789473717,0.30054644808743536,-2.71425915597695,-0.512820512820511,-1.7073170731707332,3.218116805721105
2020-08-30,-0.14172335600907138,0.09661835748793202,-0.9848366421760235,-6.7086366319102915,7.339748817484915,-7.923243577839678,6.877686596326682,0.9390535812925815,0.4065910549967855,1.4925373134328401,1.6411580306103568,0.679886685552411,-3.1957725213890287,1.760804939400873,3.9537385691231774,0.8017960230917165,7.172915072685537,12.197213290460883,-0.8218373936014101,-0.30333670374115274,-1.2581272942848387,9.42232192933259,0.07293946024800047,0.05985634477254642,-1.694402420574892,0.7189934092270756,-0.6368631368631417,1.770538243626052,-0.5806010928961713,0.18118926041839067,0.044156608772438766,1.863684771033003,3.041575492341364,-1.2367107832501611,0.6410256410256387,-3.0509397984200493,0.8217083890693644,0.42449969678592936,-2.7295285359801524,-2.5404157043879882
2020-09-06,-1.2773204655123438,-0.929054054054057,-7.483422797600248,-0.0421762969211259,2.081750493845913,-1.8151260504201683,1.8281535648994485,-6.639912440715068,1.9181585677749302,-3.738783649052846,-3.7010159651669094,4.164321890827227,1.7156225630361233,1.2359550561797716,9.13324708926262,-1.7817371937639215,-1.249330715688024,-2.197172334734432,0.7398638650488287,1.0141987829614507,5.820108456328965,-1.2045105074320883,-2.3323615160349864,-0.01994017946161941,-0.24622960911049319,3.8964901844140476,2.3124293075279523,2.5052192066805867,1.992442459635857,0.9371917132522167,5.222892452552608,0.2875065342394123,-1.4652792524952218,5.140597539543057,5.334394904458595,6.883956167462779,2.539802880970443,0.18115942028984477,7.057823129251695,-2.0853051642106046
2020-09-13,1.178838412880956,1.364023870417741,11.689419795221845,-4.936708860759498,-3.4385233700506057,-6.093803491954808,1.1849192100538586,2.5986713559984276,-1.4847344207444602,-0.18125323666493554,-1.5448379804069323,-0.9184224743381986,1.9422438027089095,1.9533851276359648,-2.560455192034139,0.3563330093942385,-2.6206397975781726,0.703262355928902,-2.4676850763807323,-0.5522088353413612,-1.4591861283485552,-2.6199740596627774,5.858208955223887,0.4587155963302836,0.3702560937982158,-3.5213283710277654,-0.5281906399705161,-5.02376103190767,-1.4819804648029677,2.4433946896888825,-5.788590604026844,-2.5801407349491767,3.092672413793096,0.8357709987463435,0.8314436885865417,-0.13144058885383725,1.3493530499075757,-0.9644364074743783,7.783955520254171,-7.042595654361994
2020-09-20,-0.09946007388462741,-2.679322359726055,-5.821237585943473,0.26631158455392434,-0.10790812394019245,-0.18228217280350512,-0.9936124911284594,4.760997905160913,-0.2122691572914448,1.0635538261997368,-5.300420972062758,-1.6357688113413316,-1.6044121333667616,-1.8288700195950414,-2.28710462287105,-0.09683666881858954,2.4684484038604237,1.8234723569350075,-0.1807228915662651,-1.3124684502776374,1.0251630941286116,0.8524240809802963,-0.1762425096933362,2.362517371451256,-0.27666769136182046,-0.5341246290801238,-0.6421338602124016,-1.4295925661186537,-1.299145299145299,-3.625377643504535,-0.41555357672899973,-1.8191546281433935,-0.470366886171214,-2.6523000414421904,-6.7466266866566755,-4.316925506712288,2.6080612803209835,-0.669506999391356,3.16875460574797,-5.337151698580089
2020-09-27,-1.9911819086900873,-4.283950617283949,5.824140168721614,-3.2757857459052686,2.6234567901234573,-2.2279035792549307,-3.2974910394265255,0.21814215597164566,-2.6377366517762124,-3.465092402464065,0.9092746009294883,-2.7716186252771613,-7.745222929936302,3.592814371257491,1.0458167330677393,-4.959612277867532,-3.441405542474185,-4.610401981329781,-1.2070006035002967,-0.9207161125319718,-5.781057810578105,-5.256207078711039,-1.5183615819209018,0.038789759503488064,-6.689272503082611,-1.0739856801909253,-3.3432761620681095,-0.024172105390374288,-1.905091790786284,1.6003959742616702,-5.8420268256333845,1.4441416893733017,0.2205419029615685,-0.404427415921671,-0.8038585209003246,-0.27510316368638543,0.7643085673658012,-2.083333333333337,-4.214285714285715,2.4477430547541257
2020-10-04,1.1028878246988727,1.4059073906874664,7.266595124942521,5.011441647597259,4.090225563909766,0.6350392230108248,4.781319495922909,3.138037366225288,0.371422329036486,2.0473278383408733,3.404084901882265,4.047890535917897,2.5131179232256384,3.9391993149218596,0.7392804337111869,1.95478497365289,-0.7503282686175172,1.9173157579388755,8.185705558949309,3.3557046979865834,-5.662532637075723,3.066629495400064,1.6851918250268882,1.0469174098487688,-0.8589362405021506,4.252110977080825,-0.10286742960010642,0.09671179883945502,1.0240112994350348,6.966547580383242,0.5539727761949997,3.3037872683319813,-1.7604526878340132,4.124812994229532,0.5672609400324102,4.0000000000000036,-1.076027518080791,1.5644555694618312,0.5965697240865042,2.4161073825503365
2020-10-11,-1.980766470503803,-3.2943271432205545,0.3715878233528702,-2.2009152320767056,6.082057208899161,2.616926503340755,0.2829854969932821,2.0576855434400354,-5.986068785372223,0.3387180823345437,-1.9752130131680867,-2.73972602739726,-5.603448275862066,-1.3594232749742585,-1.7612524461839585,-1.5505168389463142,-1.2663012663012618,-3.703703703703709,-3.3032185206098297,-0.27472527472527375,-6.504065040650408,-2.867189613199894,-1.6572637517630495,4.873369148119733,-0.7997334221926056,-3.81833960080995,-0.5792251254987724,-3.5024154589372025,-4.473960153792378,2.3986640352208877,-3.1953407838816283,-0.832033281331257,-8.778666666666668,-0.8620689655172376,0.725221595487513,-4.668435013262595,1.230385164051362,-1.4171287738755423,-4.151223128243142,-2.5163842997419694
2020-10-18,2.1086542685605503,2.854136525055906,0.8400968247187723,-1.3368983957219305,-1.0486177311725409,0.21703743895822303,1.904761904761898,-1.9472686541444073,-0.879833294744159,2.5447935601142557,1.9359936783879927,2.8169014084507005,-0.11415525114155667,3.0486531634996927,7.270916334661348,1.6765453005927133,-1.512251148545174,0.020350020350012876,0.14598540145984717,-0.15026296018031404,-0.6845513413506032,0.5012531328320913,-2.0795984223736075,-1.2623490669593895,-0.3359086328518668,8.812030075187959,-1.1263593992749898,-2.252816020025028,-0.07317965605562193,2.0163083765752488,-5.073170731707322,2.4121657052962764,-2.5958840037418107,2.9399585921324967,0.3466666666666729,-0.7790762381747363,-4.386119429276025,0.49999999999998934,0.15467904098993568,4.302231853344285
2020-10-25,-2.4379750466083427,10.92071611253196,-4.080768144591929,-0.8130081300813052,0.06881365262867423,0.7940804908861177,-3.842159916926269,-1.9332161687170446,-6.073347348750291,-1.3421119270701443,-5.620155038759689,-4.054794520547944,-7.457142857142863,-1.9655521783181307,2.367688022284131,-4.030646235842772,-2.818270165208936,-5.37131230925737,-7.317784256559767,-1.178831201404562,2.3845007451564815,-9.670268772513158,-10.472354448919807,-1.463776171947373,-3.2692955847657523,-6.301824212271978,-2.8414298808432603,-1.7413572343149775,-1.8674478213108747,-6.2636244731870345,-6.5262076053442915,-7.296466973886329,-2.893157262905166,-5.832662912308928,-5.686951900079729,-9.618620302860348,-1.8607221812822372,-3.3582089552238847,-9.26640926640927,-5.645783511491532
2020-11-01,3.1750698221372886,5.430020751671671,-1.0451935816281455,4.485428051001827,3.8096547930133395,7.072515666965096,5.399568034557234,4.050179211469529,10.14672966923651,14.3993839835729,6.3449691991786406,1.7704169046259377,6.91571472676753,0.9094667217858676,3.015873015873005,2.6379729260673335,2.719999999999989,2.7520963233713225,1.9188424032714702,4.1370558375634525,15.902474526928678,4.66257668711656,8.793456032719838,2.8206092515983494,9.094076655052262,3.0383480825958653,3.018867924528301,7.68829814959604,0.48507462686566694,7.6124031007752,3.7199926699651886,11.488539077602876,26.59166769687229,3.6736437419905954,4.536489151873768,12.19360843934223,5.425192415993996,4.568854568854563,15.574468085106385,5.491804946315737
2020-11-08,4.231371990312005,1.9792236194641877,-0.8182088664088094,7.910220091523201,10.53259141494436,3.8461538461538547,4.030054644808745,6.889424733034799,3.499661323097758,5.317478124298858,12.531376713651277,9.203142536475873,3.956107421311006,5.284719377304392,4.6224961479198745,3.8552587081501555,4.731308411214963,4.2268256957522565,2.3456790123456805,3.680233975140146,8.477237048665609,4.396248534583824,-0.8646616541353347,3.9685442574981744,3.385499840306605,2.1185227598053302,3.1658817373103165,4.7676669893514045,3.4162643891570754,2.823800605100124,8.480565371024728,2.873420857072073,-22.041015625000004,2.678203543469304,7.708894878706207,8.517699115044252,3.8639601139601076,5.753846153846154,1.6936671575846773,15.203310220543042
2020-11-15,0.49207217058502284,-0.9757666738151372,1.2299385030748455,0.6260096930533088,-2.756802109552914,-2.0289855072463725,-0.45961917268548813,3.5771833709313583,-3.3376963350785327,-1.0864933958244616,2.1619766643788507,1.7985611510791477,1.3611111111111018,0.01945525291828787,3.1769408794445564,2.6701400195376035,2.788622420524267,0.7628990162617866,-0.3015681544028981,1.2458862247296754,2.3444283646888664,3.4531162268388593,2.4270003792188133,-0.10554089709762238,-2.0389249304911927,4.990187832912807,-0.7101191985797617,-6.121506121506126,6.5709156193895835,0.47639064032507505,5.944625407166115,4.358295208283169,-3.0189151947889292,1.0634028892455794,9.034034034034043,2.2426095820591296,4.405966055203159,4.509746872272324,-0.07241129616220032,9.21762615224786
2020-11-22,-1.3601741022850944,6.24796968056307,7.423321973625718,1.1639574553481857,3.697769012695673,0.591715976331364,11.774406332453836,9.551960174237717,9.478672985782,2.6491492569459485,0.0,3.1549722362443244,2.274595779665667,0.5640925889904613,5.199836867862961,-0.2537266095781754,2.3331524688008587,-0.5778043434947255,3.539019963702361,1.0680287903413133,9.898190045248878,1.546811397557657,6.77526841910403,0.8980454305335339,-0.34689372437717303,1.5754339118825067,0.8939974457215838,1.67322834645669,5.222371967654982,3.0958025380002807,3.3205226748654892,-1.4766958929395502,0.5295789201756662,3.3551717292038985,5.669038329125553,2.791625124626118,4.30213464696223,3.674832962138086,2.463768115942022,6.463570441142963
2020-11-29,-0.9790402647545493,-0.5605381165919243,0.13793103448276334,1.3886133703630232,2.721977891358618,-2.2712418300653625,4.839185600472118,3.322919625106513,1.64914450628737,-2.056231640788919,5.139402082633526,0.2936138977244873,4.474812433011799,10.88974854932301,0.7171932545066984,-1.112877583465821,1.166489925768821,0.5210420841683439,2.716914986853647,-1.5391683896163522,-10.988162635100363,-0.2939604489577752,-3.328710124826628,1.3787085514834097,-5.411392405063287,-0.9200841219768718,-0.5063291139240533,1.8877057115198381,-0.70445084854307,1.284999323684577,3.7048058324653965,1.1475409836065653,-1.3619426956186564,2.6507875528236635,-1.3466550825369294,10.329776915615895,-4.471032745591941,-3.329752953813103,-2.192362093352196,4.6983733989630405
2020-12-06,8.898482105556326,1.0351542482320397,8.994490358126717,1.8196047740168364,-2.7655635269613565,-1.4546062531349269,-3.9966225724739624,-0.08246289169873133,2.433583451632537,-3.6846615252784876,-2.1086261980830634,1.1466211271041749,-0.7437804565273098,0.767486481772206,-0.1347190146266386,-0.2893890675241151,2.2886093640810623,1.4553429027113207,2.3890784982935065,1.3532431171255244,-2.0815264527320076,3.3771106941838713,-0.9325681492108995,-3.752797383370632,2.0742723318835754,-2.732820376757761,-1.653944020356235,-2.7315914489311144,-3.643985811028705,-2.337072649572647,0.2725968436154913,1.2734429266033853,-0.7294516087013148,2.563622754491024,-0.8146191105239953,-1.6703296703296733,2.570863546473312,-3.083333333333338,-2.6030368763557465,2.326865297495373
2020-12-13,1.1636828644501218,4.027186041793462,5.57310754454694,2.7286702536510443,0.6307271212662169,2.5449609772650206,0.20521841102316696,-0.27510316368638543,-2.831122549990106,-4.114768683274017,0.979112271540461,1.3989387361312167,0.18087855297157507,3.2023541630604058,-0.5396030063596013,1.676878426314099,-0.1537147736976996,2.0043230497150732,-0.1388888888888884,1.9106813996316863,-1.5943312666076181,-0.7778065854290861,1.7016654598117409,-0.12520121624038927,0.9177318911832266,-6.082924168030546,0.9573091849935267,0.46398046398046233,4.585006693440419,-1.996444687542731,-3.705823436829303,1.1202560585276577,-2.637449153654381,1.4230979748221184,0.7547169811320753,-4.9396513187304425,0.16066838046271403,-6.1049011177988,1.4847809948032697,5.1434761335014345
2020-12-20,-1.5421564909619545,-2.9449049244271053,-7.92434761790759,-1.3468013468013518,2.081362346263016,0.33090668431501324,3.393797542422461,0.3862068965517329,6.662591687041575,4.152168870331718,-5.203619909502266,-4.115128449096095,-3.4046943513025507,1.2076484401207566,-2.170122069366398,0.03171582619727609,-0.4105371193978802,-1.5796570988248937,1.8080667593880495,-0.7454257962502875,1.2901290129012866,-0.2613012803762693,1.9935920256318962,-2.2922636103151817,-0.0649561545956523,0.23235550392100013,0.75602255253715,2.284880894506558,-0.22400000000000198,-1.8557276405748557,-1.2481426448736954,0.15826362197604027,-2.8032345013477067,-0.8454758050008948,-5.1112579863406005,1.1521279097107984,4.587744626243184,-0.48840048840048667,-0.1463057790782707,-4.703049180760665
2020-12-27,2.156887918859929,3.3356776851200642,4.75819032761311,0.32233598786499673,7.1246524559777535,1.121372031662271,2.093944538766279,5.523495465787298,5.119388729703922,2.0935412026725997,-1.8922604841459245,0.843463160506075,0.2670226969292422,1.6572754391779965,0.4555357496534018,1.0779961953075512,1.820680178632772,-0.5284791544333478,-0.02732240437158806,-4.324078288575328,4.709715639810419,-0.9955462405030091,4.048865619546249,-0.32991202346041026,3.607409814754625,-1.9414662416690764,1.3608037644664783,2.471482889733845,-0.12828736369467908,1.4500995166334851,3.596148058982851,1.6252821670428963,2.218524681087075,2.2314949201741596,0.23218017181332318,-1.3482101348210151,3.834355828220848,1.6564417177914015,3.36996336996338,0.8645510964396141
